{"cameraMode":{"drawMode":0,"name":"Shaded","section":"Shading Mode"},"sceneLighting":true,"audioPlay":false,"sceneViewState":{"showFog":true,"showMaterialUpdate":true,"showSkybox":true,"showFlares":true,"showImageEffects":true,"showParticleSystems":true},"in2DMode":false,"pivot":{"x":3.399388313293457,"y":-4.831783294677734,"z":4.516448020935059},"rotation":{"x":-0.3065004348754883,"y":-0.3025941550731659,"z":0.10344701260328293,"w":-0.8965450525283814},"size":29.457372665405275,"orthographic":false}